"SN","Contract No.","Buyer","Seller","Quantity","Rate","Amount"
"1","2024012501000096","33","58","10","456.00","4,560.00"
"2","2024012501000098","33","17","10","456.00","4,560.00"
"3","2024012501000106","72","34","10","457.00","4,570.00"
"4","2024012501000107","72","58","10","457.00","4,570.00"
"5","2024012501000121","72","44","10","457.40","4,574.00"
"6","2024012501000171","52","58","10","456.30","4,563.00"
"7","2024012501000251","34","57","10","456.50","4,565.00"
"8","2024012501000259","34","58","10","456.50","4,565.00"
"9","2024012501000307","52","45","10","456.60","4,566.00"
"10","2024012501000308","52","17","10","456.60","4,566.00"
"11","2024012501000310","52","34","10","456.60","4,566.00"
"12","2024012501000316","52","45","10","456.60","4,566.00"
"13","2024012501000343","52","32","10","456.60","4,566.00"
"14","2024012501000433","52","56","10","456.60","4,566.00"
"15","2024012501000465","52","45","10","456.60","4,566.00"
"16","2024012501000620","52","20","10","456.60","4,566.00"
"17","2024012501000622","52","17","10","456.60","4,566.00"
"18","2024012501000628","52","45","10","456.60","4,566.00"
"19","2024012501000647","52","47","10","456.60","4,566.00"
"20","2024012501000715","34","35","10","456.50","4,565.00"
"21","2024012501000732","34","41","10","456.50","4,565.00"
"22","2024012501000738","34","59","10","456.50","4,565.00"
"23","2024012501000803","34","42","10","456.50","4,565.00"
"24","2024012501000856","34","35","10","456.50","4,565.00"
"25","2024012501000905","34","54","10","456.50","4,565.00"
"26","2024012501000914","34","45","10","456.50","4,565.00"
"27","2024012501000916","34","58","10","456.50","4,565.00"
"28","2024012501000938","45","32","10","456.50","4,565.00"
"29","2024012501000983","45","26","10","456.50","4,565.00"
"30","2024012501000986","45","36","10","456.50","4,565.00"
"31","2024012501001000","22","52","10","456.60","4,566.00"
"32","2024012501001001","22","58","10","456.60","4,566.00"
"33","2024012501001016","45","56","10","456.50","4,565.00"
"34","2024012501001059","45","38","10","456.50","4,565.00"
"35","2024012501001074","45","49","10","456.50","4,565.00"
"36","2024012501001095","45","46","10","456.50","4,565.00"
"37","2024012501001100","45","38","10","456.50","4,565.00"
"38","2024012501001113","14","49","10","456.50","4,565.00"
"39","2024012501001144","14","56","10","456.50","4,565.00"
"40","2024012501001211","14","59","10","456.50","4,565.00"
"41","2024012501001234","14","45","10","456.50","4,565.00"
"42","2024012501001245","14","45","10","456.50","4,565.00"
"43","2024012501001250","14","59","10","456.50","4,565.00"
"44","2024012501001259","14","25","10","456.50","4,565.00"
"45","2024012501001289","14","58","10","456.50","4,565.00"
"46","2024012501001333","14","49","10","456.50","4,565.00"
"47","2024012501001347","14","67","10","456.50","4,565.00"
"48","2024012501001393","45","32","10","456.20","4,562.00"
"49","2024012501001469","45","56","10","456.20","4,562.00"
"50","2024012501001472","72","42","10","456.50","4,565.00"
"51","2024012501001489","45","41","10","456.50","4,565.00"
"52","2024012501001495","45","94","10","456.50","4,565.00"
"53","2024012501001575","58","8","10","457.00","4,570.00"
"54","2024012501001580","45","45","10","456.50","4,565.00"
"55","2024012501001599","45","45","10","456.50","4,565.00"
"56","2024012501001633","45","42","10","456.50","4,565.00"
"57","2024012501001638","45","52","10","456.50","4,565.00"
"58","2024012501001639","45","52","10","456.50","4,565.00"
"59","2024012501001739","45","47","10","456.50","4,565.00"
"60","2024012501001777","45","52","10","456.50","4,565.00"
"61","2024012501001798","45","34","10","456.50","4,565.00"
"62","2024012501001804","45","34","10","456.50","4,565.00"
"63","2024012501001813","45","28","10","456.50","4,565.00"
"64","2024012501001887","45","58","10","456.50","4,565.00"
"65","2024012501001895","45","56","10","456.50","4,565.00"
"66","2024012501001898","45","3","10","456.50","4,565.00"
"67","2024012501001975","45","58","10","456.50","4,565.00"
"68","2024012501001976","45","19","10","456.50","4,565.00"
"69","2024012501001987","45","44","10","456.50","4,565.00"
"70","2024012501002013","45","58","10","456.50","4,565.00"
"71","2024012501002038","45","52","10","456.50","4,565.00"
"72","2024012501002043","45","19","10","456.50","4,565.00"
"73","2024012501002047","8","58","10","456.90","4,569.00"
"74","2024012501002048","8","7","10","457.00","4,570.00"
"75","2024012501002049","8","59","10","457.00","4,570.00"
"76","2024012501002050","8","43","20","457.00","9,140.00"
"77","2024012501002051","8","59","10","457.00","4,570.00"
"78","2024012501002052","8","14","10","457.00","4,570.00"
"79","2024012501002053","8","57","10","457.00","4,570.00"
"80","2024012501002058","8","56","10","457.00","4,570.00"
"81","2024012501002093","8","38","10","457.00","4,570.00"
"82","2024012501002094","8","38","10","457.00","4,570.00"
"83","2024012501002105","8","19","10","457.00","4,570.00"
"84","2024012501002243","8","67","10","457.00","4,570.00"
"85","2024012501002262","8","58","10","457.00","4,570.00"
"86","2024012501002297","8","49","10","457.00","4,570.00"
"87","2024012501002299","8","34","10","457.00","4,570.00"
"88","2024012501002324","8","52","10","457.00","4,570.00"
"89","2024012501002326","8","58","10","457.00","4,570.00"
"90","2024012501002370","8","50","165","457.00","75,405.00"
"91","2024012501002406","45","42","10","456.50","4,565.00"
"92","2024012501002428","45","36","10","456.50","4,565.00"
"93","2024012501002443","29","58","10","457.00","4,570.00"
"94","2024012501002444","29","58","10","457.00","4,570.00"
"95","2024012501002445","29","52","10","457.00","4,570.00"
"96","2024012501002475","29","45","10","457.10","4,571.00"
"97","2024012501002517","29","34","10","457.10","4,571.00"
"98","2024012501002528","29","38","10","457.10","4,571.00"
"99","2024012501002542","29","44","10","457.10","4,571.00"
"100","2024012501002565","29","50","430","457.10","196,553.00"
"101","2024012501002602","45","1","10","456.50","4,565.00"
"102","2024012501002688","45","22","10","456.50","4,565.00"
"103","2024012501002752","45","59","10","456.50","4,565.00"
"104","2024012501002761","45","34","10","456.50","4,565.00"
"105","2024012501002779","39","42","10","458.00","4,580.00"
"106","2024012501002780","39","38","10","458.00","4,580.00"
"107","2024012501002781","39","20","10","458.00","4,580.00"
"108","2024012501002782","39","49","10","458.00","4,580.00"
"109","2024012501002796","45","44","10","456.50","4,565.00"
"110","2024012501002878","45","38","10","456.60","4,566.00"
"111","2024012501002915","39","34","10","456.70","4,567.00"
"112","2024012501002920","39","35","10","456.70","4,567.00"
"113","2024012501002961","45","57","10","456.60","4,566.00"
"114","2024012501002965","45","49","10","456.60","4,566.00"
"115","2024012501002987","13","58","10","457.00","4,570.00"
"116","2024012501002988","13","58","10","457.00","4,570.00"
"117","2024012501002989","13","94","10","457.00","4,570.00"
"118","2024012501003007","13","55","10","457.00","4,570.00"
"119","2024012501003008","13","58","10","457.00","4,570.00"
"120","2024012501003016","13","36","10","457.00","4,570.00"
"121","2024012501003017","13","58","10","457.00","4,570.00"
"122","2024012501003089","13","49","10","457.00","4,570.00"
"123","2024012501003096","13","21","10","457.00","4,570.00"
"124","2024012501003240","5","42","10","458.00","4,580.00"
"125","2024012501003241","5","35","10","459.00","4,590.00"
"126","2024012501003242","5","43","10","459.00","4,590.00"
"127","2024012501003243","5","33","10","459.00","4,590.00"
"128","2024012501003274","65","28","10","457.10","4,571.00"
"129","2024012501003289","65","34","10","457.10","4,571.00"
"130","2024012501003298","65","39","10","457.10","4,571.00"
"131","2024012501003309","65","57","10","457.10","4,571.00"
"132","2024012501003359","40","51","10","458.00","4,580.00"
"133","2024012501003442","38","7","10","458.00","4,580.00"
"134","2024012501003562","38","58","10","458.00","4,580.00"
"135","2024012501003581","38","45","10","458.00","4,580.00"
"136","2024012501003610","38","50","10","458.00","4,580.00"
"137","2024012501003639","38","34","10","458.00","4,580.00"
"138","2024012501003640","49","22","10","458.00","4,580.00"
"139","2024012501003654","1","35","10","460.00","4,600.00"
"140","2024012501003655","1","38","10","460.00","4,600.00"
"141","2024012501003656","1","39","10","460.00","4,600.00"
"142","2024012501003657","1","25","10","460.00","4,600.00"
"143","2024012501003658","1","48","10","460.00","4,600.00"
"144","2024012501003659","1","14","10","460.00","4,600.00"
"145","2024012501003660","1","42","10","460.00","4,600.00"
"146","2024012501003661","1","51","10","460.00","4,600.00"
"147","2024012501003662","1","49","10","460.00","4,600.00"
"148","2024012501003663","1","56","10","460.00","4,600.00"
"149","2024012501003664","1","14","10","460.00","4,600.00"
"150","2024012501003665","1","6","10","460.00","4,600.00"
"151","2024012501003666","1","49","10","460.00","4,600.00"
"152","2024012501003667","1","83","10","460.00","4,600.00"
"153","2024012501003668","1","6","10","460.00","4,600.00"
"154","2024012501003669","1","57","10","460.00","4,600.00"
"155","2024012501003670","1","58","10","460.00","4,600.00"
"156","2024012501003671","1","32","10","460.00","4,600.00"
"157","2024012501003672","1","45","10","460.00","4,600.00"
"158","2024012501003673","1","58","10","460.00","4,600.00"
"159","2024012501003674","1","39","10","460.00","4,600.00"
"160","2024012501003675","1","38","10","460.00","4,600.00"
"161","2024012501003676","1","34","10","460.00","4,600.00"
"162","2024012501003677","1","58","10","460.00","4,600.00"
"163","2024012501003678","1","13","10","460.00","4,600.00"
"164","2024012501003679","1","41","10","460.00","4,600.00"
"165","2024012501003763","60","58","10","460.00","4,600.00"
"166","2024012501003788","60","50","10","460.00","4,600.00"
"167","2024012501003802","60","38","10","460.00","4,600.00"
"168","2024012501003808","58","21","10","460.00","4,600.00"
"169","2024012501003828","58","58","10","460.00","4,600.00"
"170","2024012501004038","45","44","10","458.10","4,581.00"
"171","2024012501004040","45","40","10","458.10","4,581.00"
"172","2024012501004128","49","51","10","458.20","4,582.00"
"173","2024012501004162","29","3","10","459.00","4,590.00"
"174","2024012501004256","29","52","10","459.00","4,590.00"
"175","2024012501004263","29","16","10","459.00","4,590.00"
"176","2024012501004274","29","58","10","459.00","4,590.00"
"177","2024012501004290","29","56","10","459.00","4,590.00"
"178","2024012501004453","29","47","10","459.00","4,590.00"
"179","2024012501004611","29","58","10","459.00","4,590.00"
"180","2024012501004669","29","44","10","459.00","4,590.00"
"181","2024012501004674","29","58","10","459.00","4,590.00"
"182","2024012501004678","29","39","10","459.00","4,590.00"
"183","2024012501004706","29","58","10","459.00","4,590.00"
"184","2024012501004728","45","39","10","460.00","4,600.00"
"185","2024012501004729","45","5","10","460.00","4,600.00"
"186","2024012501004730","45","50","10","460.00","4,600.00"
"187","2024012501004731","45","3","22","460.00","10,120.00"
"188","2024012501004732","45","34","10","460.00","4,600.00"
"189","2024012501004733","45","58","10","460.00","4,600.00"
"190","2024012501004735","13","59","10","460.00","4,600.00"
"191","2024012501004736","13","44","10","460.00","4,600.00"
"192","2024012501004774","13","22","10","460.00","4,600.00"
"193","2024012501004822","13","44","10","460.00","4,600.00"
"194","2024012501004825","13","49","10","460.00","4,600.00"
"195","2024012501004866","38","49","10","461.00","4,610.00"
"196","2024012501004867","38","49","10","461.00","4,610.00"
"197","2024012501004868","38","57","10","461.00","4,610.00"
"198","2024012501004883","38","26","70","461.00","32,270.00"
"199","2024012501004945","13","55","10","460.00","4,600.00"
"200","2024012501004997","13","52","10","460.00","4,600.00"
"201","2024012501005015","13","35","10","460.00","4,600.00"
"202","2024012501005016","13","21","50","460.00","23,000.00"
"203","2024012501005021","13","44","10","460.00","4,600.00"
"204","2024012501005116","13","1","300","460.00","138,000.00"
"205","2024012501005163","13","45","10","460.00","4,600.00"
"206","2024012501005169","13","26","452","460.00","207,920.00"
"207","2024012501005184","13","56","10","460.00","4,600.00"
"208","2024012501005195","13","50","10","460.00","4,600.00"
"209","2024012501005227","13","44","10","460.00","4,600.00"
"210","2024012501005229","13","48","10","460.00","4,600.00"
"211","2024012501005231","13","66","10","460.00","4,600.00"
"212","2024012501005256","13","58","10","460.00","4,600.00"
"213","2024012501005327","13","19","10","460.00","4,600.00"
"214","2024012501005348","35","38","10","460.90","4,609.00"
"215","2024012501005375","13","34","10","460.00","4,600.00"
"216","2024012501005427","13","38","10","460.00","4,600.00"
"217","2024012501005448","49","44","10","459.10","4,591.00"
"218","2024012501005470","29","52","10","459.00","4,590.00"
"219","2024012501005497","29","36","10","459.00","4,590.00"
"220","2024012501005551","29","52","10","459.00","4,590.00"
"221","2024012501005579","29","26","10","459.00","4,590.00"
"222","2024012501005632","29","39","10","459.00","4,590.00"
"223","2024012501005663","29","41","10","459.00","4,590.00"
"224","2024012501005714","21","16","10","459.10","4,591.00"
"225","2024012501005758","21","38","10","459.10","4,591.00"
"226","2024012501005775","21","41","10","459.10","4,591.00"
"227","2024012501005780","21","36","10","459.10","4,591.00"
"228","2024012501005792","21","58","10","459.10","4,591.00"
"229","2024012501005822","21","11","10","459.10","4,591.00"
"230","2024012501005867","21","32","10","459.10","4,591.00"
"231","2024012501005868","21","17","10","459.10","4,591.00"
"232","2024012501005960","21","58","10","459.10","4,591.00"
"233","2024012501005966","21","34","10","459.10","4,591.00"
"234","2024012501005972","21","46","10","459.10","4,591.00"
"235","2024012501006045","21","36","10","459.10","4,591.00"
"236","2024012501006072","21","20","10","459.10","4,591.00"
"237","2024012501006154","21","39","10","459.10","4,591.00"
"238","2024012501006187","21","26","10","459.10","4,591.00"
"239","2024012501006237","21","42","10","459.10","4,591.00"
"240","2024012501006251","21","34","10","459.10","4,591.00"
"241","2024012501006297","21","44","10","459.10","4,591.00"
"242","2024012501006325","11","39","10","459.10","4,591.00"
"243","2024012501006329","44","43","10","459.10","4,591.00"
"244","2024012501006395","44","43","10","459.10","4,591.00"
"245","2024012501006414","44","58","10","459.10","4,591.00"
"246","2024012501006422","44","52","10","459.10","4,591.00"
"247","2024012501006454","44","44","10","459.10","4,591.00"
"248","2024012501006492","1","1","200","459.10","91,820.00"
"249","2024012501006521","1","43","10","459.10","4,591.00"
"250","2024012501006541","45","45","10","459.50","4,595.00"
"251","2024012501006555","1","49","10","459.10","4,591.00"
"252","2024012501006587","59","21","10","460.00","4,600.00"
"253","2024012501006588","59","35","10","460.00","4,600.00"
"254","2024012501006589","59","4","10","460.00","4,600.00"
"255","2024012501006590","59","32","10","460.00","4,600.00"
"256","2024012501006591","59","8","10","460.00","4,600.00"
"257","2024012501006592","59","44","10","460.00","4,600.00"
"258","2024012501006593","59","52","10","460.00","4,600.00"
"259","2024012501006594","59","41","10","460.00","4,600.00"
"260","2024012501006595","59","38","10","460.00","4,600.00"
"261","2024012501006596","59","58","114","460.00","52,440.00"
"262","2024012501006597","59","42","10","460.00","4,600.00"
"263","2024012501006599","59","49","10","460.00","4,600.00"
"264","2024012501006600","59","54","10","460.00","4,600.00"
"265","2024012501006601","59","44","10","460.00","4,600.00"
"266","2024012501006602","59","13","10","460.00","4,600.00"
"267","2024012501006636","59","38","10","460.00","4,600.00"
"268","2024012501006646","59","49","10","460.00","4,600.00"
"269","2024012501006666","59","29","10","460.00","4,600.00"
"270","2024012501006697","59","59","10","460.00","4,600.00"
"271","2024012501006720","59","21","10","460.00","4,600.00"
"272","2024012501006723","59","58","10","460.00","4,600.00"
"273","2024012501006734","59","57","10","460.00","4,600.00"
"274","2024012501006797","59","14","10","460.00","4,600.00"
"275","2024012501006804","59","49","10","460.00","4,600.00"
"276","2024012501006916","59","57","10","460.00","4,600.00"
"277","2024012501006922","59","58","10","460.00","4,600.00"
"278","2024012501007025","59","6","10","460.00","4,600.00"
"279","2024012501007026","29","38","19","460.90","8,757.10"
"280","2024012501007076","59","44","10","460.00","4,600.00"
"281","2024012501007077","59","58","10","460.00","4,600.00"
"282","2024012501007129","59","45","10","460.00","4,600.00"
"283","2024012501007138","59","54","10","460.00","4,600.00"
"284","2024012501007180","59","42","10","460.00","4,600.00"
"285","2024012501007241","59","32","50","460.00","23,000.00"
"286","2024012501007242","59","28","10","460.00","4,600.00"
"287","2024012501007282","59","57","10","460.00","4,600.00"
"288","2024012501007329","1","10","10","459.10","4,591.00"
"289","2024012501007365","1","44","10","459.10","4,591.00"
"290","2024012501007376","29","45","10","459.00","4,590.00"
"291","2024012501007482","59","16","290","459.50","133,255.00"
"292","2024012501007484","59","14","10","459.50","4,595.00"
"293","2024012501007541","59","16","10","459.50","4,595.00"
"294","2024012501007610","59","47","10","459.50","4,595.00"
"295","2024012501007643","59","45","10","459.50","4,595.00"
"296","2024012501007685","59","58","10","459.50","4,595.00"
"297","2024012501007724","59","8","10","459.50","4,595.00"
"298","2024012501007800","59","54","10","459.50","4,595.00"
"299","2024012501007811","59","58","10","459.50","4,595.00"
"300","2024012501007819","59","58","10","459.50","4,595.00"
"301","2024012501007825","59","4","10","459.60","4,596.00"
"302","2024012501007842","59","32","10","459.60","4,596.00"
"303","2024012501007883","59","42","10","459.60","4,596.00"
"304","2024012501007970","59","37","10","459.60","4,596.00"
"305","2024012501007978","59","45","10","459.50","4,595.00"
"306","2024012501008036","59","59","10","459.50","4,595.00"
"307","2024012501008077","59","58","10","459.50","4,595.00"
"308","2024012501008090","59","58","10","459.50","4,595.00"
"309","2024012501008154","59","4","10","459.50","4,595.00"
"310","2024012501008216","59","57","10","459.50","4,595.00"
"311","2024012501008280","59","37","10","459.50","4,595.00"
"312","2024012501008293","59","36","10","459.50","4,595.00"
"313","2024012501008339","59","32","10","459.50","4,595.00"
"314","2024012501008359","59","35","10","459.50","4,595.00"
"315","2024012501008380","59","45","10","459.50","4,595.00"
"316","2024012501008474","59","34","10","459.50","4,595.00"
"317","2024012501008504","59","43","10","459.20","4,592.00"
"318","2024012501008515","59","49","10","459.20","4,592.00"
"319","2024012501008544","59","49","10","459.20","4,592.00"
"320","2024012501008547","59","57","10","459.20","4,592.00"
"321","2024012501008628","59","55","10","459.20","4,592.00"
"322","2024012501008630","59","57","10","459.20","4,592.00"
"323","2024012501008656","59","7","10","459.20","4,592.00"
"324","2024012501008685","59","40","10","459.20","4,592.00"
"325","2024012501008724","59","58","10","459.20","4,592.00"
"326","2024012501008797","59","48","10","459.20","4,592.00"
"327","2024012501008813","29","7","20","459.00","9,180.00"
"328","2024012501008814","38","7","20","459.00","9,180.00"
"329","2024012501008829","38","58","10","459.00","4,590.00"
"330","2024012501008857","38","13","10","459.00","4,590.00"
"331","2024012501008994","56","43","10","459.20","4,592.00"
"332","2024012501009011","56","44","10","459.20","4,592.00"
"333","2024012501009071","38","16","10","459.00","4,590.00"
"334","2024012501009114","38","35","10","459.00","4,590.00"
"335","2024012501009118","38","6","10","459.00","4,590.00"
"336","2024012501009142","38","34","10","459.00","4,590.00"
"337","2024012501009200","38","7","10","459.00","4,590.00"
"338","2024012501009204","38","44","10","459.00","4,590.00"
"339","2024012501009205","38","11","10","459.00","4,590.00"
"340","2024012501009249","38","42","40","459.00","18,360.00"
"341","2024012501009256","38","37","10","459.00","4,590.00"
"342","2024012501009258","38","56","10","459.00","4,590.00"
"343","2024012501009290","38","57","30","459.00","13,770.00"
"344","2024012501009291","42","57","65","459.00","29,835.00"
"345","2024012501009304","38","25","10","459.00","4,590.00"
"346","2024012501009317","38","57","12","459.00","5,508.00"
"347","2024012501009412","1","58","10","458.10","4,581.00"
"348","2024012501009421","1","44","10","458.10","4,581.00"
"349","2024012501009433","1","14","10","458.10","4,581.00"
"350","2024012501009440","17","35","10","458.20","4,582.00"
"351","2024012501009478","17","6","10","458.20","4,582.00"
"352","2024012501009521","17","11","10","458.20","4,582.00"
"353","2024012501009592","17","7","10","458.20","4,582.00"
"354","2024012501009605","1","58","10","458.10","4,581.00"
"355","2024012501009660","1","38","10","458.10","4,581.00"
"356","2024012501009667","1","52","10","458.10","4,581.00"
"357","2024012501009676","11","36","10","458.20","4,582.00"
"358","2024012501009677","1","6","10","458.10","4,581.00"
"359","2024012501009710","1","44","10","458.10","4,581.00"
"360","2024012501009752","1","57","10","458.10","4,581.00"
"361","2024012501009792","1","6","10","458.10","4,581.00"
"362","2024012501009797","1","58","10","458.10","4,581.00"
"363","2024012501009802","1","51","10","458.10","4,581.00"
"364","2024012501009871","1","49","10","458.10","4,581.00"
"365","2024012501009903","1","26","10","458.10","4,581.00"
"366","2024012501009958","1","49","10","458.10","4,581.00"
"367","2024012501009973","1","38","10","458.10","4,581.00"
"368","2024012501010051","1","44","10","458.10","4,581.00"
"369","2024012501010063","1","44","10","458.10","4,581.00"
"370","2024012501010148","1","35","10","458.10","4,581.00"
"371","2024012501010159","1","58","10","458.10","4,581.00"
"372","2024012501010172","1","58","10","458.10","4,581.00"
"373","2024012501010190","1","34","10","458.10","4,581.00"
"374","2024012501010221","1","51","10","458.10","4,581.00"
"375","2024012501010350","1","14","10","458.10","4,581.00"
"376","2024012501010356","1","38","10","458.10","4,581.00"
"377","2024012501010404","1","58","10","458.10","4,581.00"
"378","2024012501010418","1","36","10","458.10","4,581.00"
"379","2024012501010434","1","38","10","458.10","4,581.00"
"380","2024012501010453","1","58","10","458.10","4,581.00"
"381","2024012501010482","1","57","10","458.10","4,581.00"
"382","2024012501010499","1","57","10","458.10","4,581.00"
"383","2024012501010540","1","58","10","458.10","4,581.00"
"384","2024012501010570","1","49","10","458.10","4,581.00"
"385","2024012501010572","1","43","10","458.10","4,581.00"
"386","2024012501010619","1","8","10","458.10","4,581.00"
"387","2024012501010743","1","56","10","458.10","4,581.00"
"388","2024012501010749","1","42","10","458.10","4,581.00"
"389","2024012501010850","1","58","10","458.10","4,581.00"
"390","2024012501010852","1","26","10","458.10","4,581.00"
"391","2024012501010883","1","7","10","458.10","4,581.00"
"392","2024012501010895","1","10","10","458.10","4,581.00"
"393","2024012501010932","1","18","10","458.10","4,581.00"
"394","2024012501010933","1","10","10","458.10","4,581.00"
"395","2024012501010964","1","44","10","458.10","4,581.00"
"396","2024012501011013","1","58","10","458.10","4,581.00"
"397","2024012501011016","1","35","10","458.10","4,581.00"
"398","2024012501011055","1","49","10","458.10","4,581.00"
"399","2024012501011059","1","34","10","458.10","4,581.00"
"400","2024012501011086","1","42","10","458.10","4,581.00"
"401","2024012501011090","1","52","10","458.10","4,581.00"
"402","2024012501011091","53","49","10","458.00","4,580.00"
"403","2024012501011153","17","39","10","458.10","4,581.00"
"404","2024012501011168","17","44","10","458.10","4,581.00"
"405","2024012501011210","17","58","10","458.10","4,581.00"
"406","2024012501011231","17","58","10","458.10","4,581.00"
"407","2024012501011234","6","7","10","458.50","4,585.00"
"408","2024012501011235","6","58","10","458.50","4,585.00"
"409","2024012501011236","6","33","10","458.50","4,585.00"
"410","2024012501011237","6","49","10","458.50","4,585.00"
"411","2024012501011238","6","58","20","458.50","9,170.00"
"412","2024012501011244","6","18","10","458.50","4,585.00"
"413","2024012501011249","6","21","10","458.50","4,585.00"
"414","2024012501011277","17","39","10","458.10","4,581.00"
"415","2024012501011303","29","44","10","458.10","4,581.00"
"416","2024012501011332","29","17","10","458.10","4,581.00"
"417","2024012501011386","1","58","10","458.20","4,582.00"
"418","2024012501011393","1","44","10","458.20","4,582.00"
"419","2024012501011408","1","38","10","458.20","4,582.00"
"420","2024012501011452","1","28","10","458.20","4,582.00"
"421","2024012501011528","1","49","10","458.20","4,582.00"
"422","2024012501011537","1","58","10","458.20","4,582.00"
"423","2024012501011543","1","42","10","458.20","4,582.00"
"424","2024012501011558","29","32","10","458.80","4,588.00"
"425","2024012501011559","29","3","10","458.90","4,589.00"
"426","2024012501011560","29","36","50","459.00","22,950.00"
"427","2024012501011561","29","58","10","459.00","4,590.00"
"428","2024012501011562","29","58","10","459.00","4,590.00"
"429","2024012501011563","29","47","10","459.00","4,590.00"
"430","2024012501011564","29","87","10","459.00","4,590.00"
"431","2024012501011565","29","45","10","459.00","4,590.00"
"432","2024012501011566","29","3","10","459.00","4,590.00"
"433","2024012501011569","29","43","10","459.00","4,590.00"
"434","2024012501011653","29","1","10","459.00","4,590.00"
"435","2024012501011675","29","49","10","459.00","4,590.00"
"436","2024012501011679","29","44","10","459.00","4,590.00"
"437","2024012501011681","29","57","20","459.00","9,180.00"
"438","2024012501011697","29","77","10","459.00","4,590.00"
"439","2024012501011752","29","49","10","459.00","4,590.00"
"440","2024012501011763","29","45","10","459.00","4,590.00"
"441","2024012501011833","29","58","10","459.00","4,590.00"
"442","2024012501011855","29","35","10","459.00","4,590.00"
"443","2024012501011861","29","57","10","459.00","4,590.00"
"444","2024012501011930","29","11","12","459.00","5,508.00"
"445","2024012501011957","29","14","10","459.00","4,590.00"
"446","2024012501011958","29","57","8","459.00","3,672.00"
"447","2024012501011991","1","44","10","458.20","4,582.00"
"448","2024012501012036","1","14","10","458.20","4,582.00"
"449","2024012501012157","1","39","10","458.20","4,582.00"
"450","2024012501012191","42","92","10","459.00","4,590.00"
"451","2024012501012192","42","48","10","459.00","4,590.00"
"452","2024012501012218","42","1","10","459.10","4,591.00"
"453","2024012501012252","42","57","10","459.10","4,591.00"
"454","2024012501012327","42","16","10","459.10","4,591.00"
"455","2024012501012341","42","36","10","459.10","4,591.00"
"456","2024012501012352","42","77","10","459.10","4,591.00"
"457","2024012501012354","42","38","10","459.10","4,591.00"
"458","2024012501012382","42","35","35","459.10","16,068.50"
"459","2024012501012383","53","35","15","459.00","6,885.00"
"460","2024012501012481","53","57","10","459.00","4,590.00"
"461","2024012501012515","53","19","10","459.00","4,590.00"
"462","2024012501012534","22","57","10","459.20","4,592.00"
"463","2024012501012538","53","49","10","459.00","4,590.00"
"464","2024012501012550","53","51","10","459.00","4,590.00"
"465","2024012501012553","53","45","10","459.00","4,590.00"
"466","2024012501012653","53","8","10","459.00","4,590.00"
"467","2024012501012721","53","7","10","459.00","4,590.00"
"468","2024012501012792","58","13","10","459.00","4,590.00"
"469","2024012501012799","58","34","10","459.00","4,590.00"
"470","2024012501012808","58","58","10","459.00","4,590.00"
"471","2024012501012833","58","46","10","459.00","4,590.00"
"472","2024012501012872","58","57","10","459.00","4,590.00"
"473","2024012501012882","58","57","10","459.00","4,590.00"
"474","2024012501012897","58","58","10","459.00","4,590.00"
"475","2024012501012906","58","16","10","459.00","4,590.00"
"476","2024012501012954","58","49","10","459.00","4,590.00"
"477","2024012501013004","58","58","10","459.00","4,590.00"
"478","2024012501013027","14","17","10","459.00","4,590.00"
"479","2024012501013052","1","16","10","458.20","4,582.00"
"480","2024012501013205","1","42","10","458.20","4,582.00"
"481","2024012501013210","1","4","10","458.20","4,582.00"
"482","2024012501013269","1","39","10","458.20","4,582.00"
"483","2024012501013290","1","57","10","458.20","4,582.00"
"484","2024012501013297","1","14","10","458.20","4,582.00"
"485","2024012501013396","1","41","340","458.20","155,788.00"
"486","2024012501013397","35","41","10","458.00","4,580.00"
"487","2024012501013398","34","41","450","458.00","206,100.00"
"488","2024012501013438","34","54","10","458.00","4,580.00"
"489","2024012501013475","34","42","10","458.00","4,580.00"
"490","2024012501013477","34","34","10","458.00","4,580.00"
"491","2024012501013495","34","38","10","458.00","4,580.00"
"492","2024012501013517","34","38","10","458.00","4,580.00"
"493","2024012501013553","34","56","10","458.00","4,580.00"
"494","2024012501013575","34","58","10","458.00","4,580.00"
"495","2024012501013607","34","34","10","458.00","4,580.00"
"496","2024012501013658","34","34","10","458.00","4,580.00"
"497","2024012501013682","34","49","250","458.00","114,500.00"
"498","2024012501013713","34","64","10","458.00","4,580.00"
"499","2024012501013745","34","38","10","458.00","4,580.00"
"500","2024012501013765","34","22","10","458.00","4,580.00"
"501","2024012501013836","34","77","10","458.00","4,580.00"
"502","2024012501013845","34","58","10","458.00","4,580.00"
"503","2024012501013850","34","52","10","458.00","4,580.00"
"504","2024012501013860","34","58","10","458.00","4,580.00"
"505","2024012501013862","34","34","10","458.00","4,580.00"
"506","2024012501013879","34","47","10","458.00","4,580.00"
"507","2024012501013890","34","57","10","458.00","4,580.00"
"508","2024012501013896","34","52","10","458.00","4,580.00"
"509","2024012501013929","34","55","20","458.00","9,160.00"
"510","2024012501013951","34","21","10","458.00","4,580.00"
"511","2024012501014029","34","29","10","458.00","4,580.00"
"512","2024012501014037","34","48","10","458.00","4,580.00"
"513","2024012501014039","41","4","10","458.00","4,580.00"
"514","2024012501014040","41","57","5","458.00","2,290.00"
"515","2024012501014048","38","17","10","457.50","4,575.00"
"516","2024012501014076","38","57","10","457.50","4,575.00"
"517","2024012501014100","38","58","10","457.50","4,575.00"
"518","2024012501014123","38","52","10","457.50","4,575.00"
"519","2024012501014196","38","43","10","457.50","4,575.00"
"520","2024012501014207","44","16","10","457.60","4,576.00"
"521","2024012501014243","44","38","10","457.60","4,576.00"
"522","2024012501014292","44","39","10","457.60","4,576.00"
"523","2024012501014301","44","58","10","457.60","4,576.00"
"524","2024012501014371","44","58","10","457.60","4,576.00"
"525","2024012501014472","44","58","10","457.60","4,576.00"
"526","2024012501014495","44","21","40","457.60","18,304.00"
"527","2024012501014496","44","21","10","457.60","4,576.00"
"528","2024012501014501","44","50","10","457.60","4,576.00"
"529","2024012501014604","38","13","10","457.50","4,575.00"
"530","2024012501014657","38","35","10","457.50","4,575.00"
"531","2024012501014663","38","45","10","457.50","4,575.00"
"532","2024012501014688","38","58","10","457.50","4,575.00"
"533","2024012501014724","38","29","10","457.50","4,575.00"
"534","2024012501014861","38","4","10","457.50","4,575.00"
"535","2024012501014869","38","59","10","457.50","4,575.00"
"536","2024012501014873","53","43","10","457.60","4,576.00"
"537","2024012501014903","38","59","80","457.50","36,600.00"
"538","2024012501014904","36","59","60","457.50","27,450.00"
"539","2024012501014950","36","57","10","457.50","4,575.00"
"540","2024012501014998","36","58","10","457.50","4,575.00"
"541","2024012501015024","36","35","10","457.50","4,575.00"
"542","2024012501015143","36","58","10","457.50","4,575.00"
"543","2024012501015204","36","34","10","457.50","4,575.00"
"544","2024012501015216","36","57","10","457.50","4,575.00"
"545","2024012501015261","36","45","10","457.50","4,575.00"
"546","2024012501015314","36","58","10","457.50","4,575.00"
"547","2024012501015372","36","58","10","457.50","4,575.00"
"548","2024012501015380","36","38","10","457.50","4,575.00"
"549","2024012501015384","36","7","50","457.50","22,875.00"
"550","2024012501015389","36","35","10","457.50","4,575.00"
"551","2024012501015395","36","8","10","457.50","4,575.00"
"552","2024012501015420","36","35","10","457.50","4,575.00"
"553","2024012501015434","36","57","10","457.50","4,575.00"
"554","2024012501015474","36","58","10","457.50","4,575.00"
"555","2024012501015524","36","58","10","457.50","4,575.00"
"556","2024012501015556","36","43","10","457.50","4,575.00"
"557","2024012501015589","36","42","10","457.50","4,575.00"
"558","2024012501015592","36","77","10","457.50","4,575.00"
"559","2024012501015633","65","38","10","457.10","4,571.00"
"560","2024012501015709","65","58","10","457.10","4,571.00"
"561","2024012501015764","65","38","10","457.10","4,571.00"
"562","2024012501015798","65","49","10","457.10","4,571.00"
"563","2024012501015817","65","34","10","457.10","4,571.00"
"564","2024012501015919","65","7","10","457.10","4,571.00"
"565","2024012501015930","65","59","10","457.10","4,571.00"
"566","2024012501015937","65","77","10","457.10","4,571.00"
"567","2024012501015952","65","49","10","457.10","4,571.00"
"568","2024012501015974","65","42","70","457.10","31,997.00"
"569","2024012501015975","13","42","110","457.00","50,270.00"
"570","2024012501015976","1","42","500","456.70","228,350.00"
"571","2024012501015977","33","42","420","456.70","191,814.00"
"572","2024012501016102","33","35","10","456.70","4,567.00"
"573","2024012501016123","33","38","10","456.70","4,567.00"
"574","2024012501016125","33","38","10","456.70","4,567.00"
"575","2024012501016170","33","58","10","456.70","4,567.00"
"576","2024012501016188","33","58","10","456.70","4,567.00"
"577","2024012501016200","33","34","10","456.70","4,567.00"
"578","2024012501016348","33","58","10","456.70","4,567.00"
"579","2024012501016398","33","35","10","456.70","4,567.00"
"580","2024012501016406","33","38","10","456.70","4,567.00"
"581","2024012501016429","33","41","10","456.70","4,567.00"
"582","2024012501016469","33","52","10","456.70","4,567.00"
"583","2024012501016537","33","21","10","456.70","4,567.00"
"584","2024012501016541","33","42","10","456.70","4,567.00"
"585","2024012501016573","33","59","10","456.70","4,567.00"
"586","2024012501016614","33","42","10","456.70","4,567.00"
"587","2024012501016623","33","57","10","456.70","4,567.00"
"588","2024012501016624","33","35","10","456.70","4,567.00"
"589","2024012501016630","33","25","10","456.70","4,567.00"
"590","2024012501016650","33","57","10","456.70","4,567.00"
"591","2024012501016697","33","45","10","456.70","4,567.00"
"592","2024012501016716","33","53","80","456.70","36,536.00"
"593","2024012501016750","45","21","10","456.50","4,565.00"
"594","2024012501016802","45","58","10","456.50","4,565.00"
"595","2024012501016817","45","61","10","456.50","4,565.00"
"596","2024012501016837","45","49","10","456.50","4,565.00"
"597","2024012501016883","45","59","10","456.50","4,565.00"
"598","2024012501016980","45","8","10","456.50","4,565.00"
"599","2024012501016981","45","22","10","456.50","4,565.00"
"600","2024012501017026","45","13","10","456.50","4,565.00"
"601","2024012501017044","45","53","40","456.50","18,260.00"
"602","2024012501017050","45","52","10","456.50","4,565.00"
"603","2024012501017070","45","58","10","456.50","4,565.00"
"604","2024012501017098","45","49","10","456.50","4,565.00"
"605","2024012501017233","45","57","10","456.50","4,565.00"
"606","2024012501017374","45","58","10","456.50","4,565.00"
"607","2024012501017388","45","59","10","456.50","4,565.00"
"608","2024012501017389","45","35","10","456.50","4,565.00"
"609","2024012501017430","45","58","10","456.50","4,565.00"
"610","2024012501017464","45","34","10","456.50","4,565.00"
"611","2024012501017480","45","13","10","456.50","4,565.00"
"612","2024012501017539","11","59","10","456.30","4,563.00"
"613","2024012501017545","45","54","10","456.20","4,562.00"
"614","2024012501017561","45","43","10","456.20","4,562.00"
"615","2024012501017571","45","51","10","456.20","4,562.00"
"616","2024012501017592","45","45","10","456.20","4,562.00"
"617","2024012501017628","45","57","10","456.20","4,562.00"
"618","2024012501017642","38","58","10","456.30","4,563.00"
"619","2024012501017643","38","58","10","456.30","4,563.00"
"620","2024012501017654","38","59","10","456.30","4,563.00"
"621","2024012501017658","45","57","10","456.20","4,562.00"
"622","2024012501017673","45","6","10","456.20","4,562.00"
"623","2024012501017678","45","34","10","456.20","4,562.00"
"624","2024012501017704","45","42","10","456.20","4,562.00"
"625","2024012501017734","45","44","10","456.20","4,562.00"
"626","2024012501017739","45","35","10","456.20","4,562.00"
"627","2024012501017827","45","38","10","456.20","4,562.00"
"628","2024012501017944","45","39","10","456.20","4,562.00"
"629","2024012501017956","45","49","10","456.20","4,562.00"
"630","2024012501017966","45","57","10","456.20","4,562.00"
"631","2024012501018005","45","32","10","456.20","4,562.00"
"632","2024012501018018","45","45","10","456.20","4,562.00"
"633","2024012501018046","45","58","10","456.20","4,562.00"
"634","2024012501018068","8","38","10","456.20","4,562.00"
"635","2024012501018082","8","49","10","456.20","4,562.00"
"636","2024012501018104","8","57","10","456.20","4,562.00"
"637","2024012501018115","8","57","20","456.20","9,124.00"
"638","2024012501018202","8","58","10","456.20","4,562.00"
"639","2024012501018238","8","35","10","456.20","4,562.00"
"640","2024012501018295","8","46","10","456.20","4,562.00"
"641","2024012501018334","8","58","10","456.20","4,562.00"
"642","2024012501018335","14","47","10","456.50","4,565.00"
"643","2024012501018336","14","17","10","456.50","4,565.00"
"644","2024012501018337","14","58","10","456.50","4,565.00"
"645","2024012501018354","14","57","10","456.50","4,565.00"
"646","2024012501018464","14","34","10","456.50","4,565.00"
"647","2024012501018501","58","56","10","456.60","4,566.00"
"648","2024012501018581","58","42","10","456.60","4,566.00"
"649","2024012501018654","58","46","10","456.60","4,566.00"
"650","2024012501018691","58","21","10","456.60","4,566.00"
"651","2024012501018725","58","7","50","456.60","22,830.00"
"652","2024012501018747","58","34","10","456.60","4,566.00"
"653","2024012501018760","14","25","10","456.30","4,563.00"
"654","2024012501018771","14","55","10","456.30","4,563.00"
"655","2024012501018788","14","46","10","456.30","4,563.00"
"656","2024012501018805","14","35","10","456.30","4,563.00"
"657","2024012501018934","14","29","10","456.30","4,563.00"
"658","2024012501018999","8","22","10","456.20","4,562.00"
"659","2024012501019009","8","38","10","456.20","4,562.00"
"660","2024012501019042","8","14","10","456.20","4,562.00"
"661","2024012501019049","8","38","11","456.20","5,018.20"
"662","2024012501019098","8","35","10","456.20","4,562.00"
"663","2024012501019108","8","58","10","456.20","4,562.00"
"664","2024012501019127","8","39","10","456.20","4,562.00"
"665","2024012501019166","8","59","10","456.20","4,562.00"
"666","2024012501019169","8","4","10","456.20","4,562.00"
"667","2024012501019192","8","58","10","456.20","4,562.00"
"668","2024012501019194","8","36","10","456.20","4,562.00"
"669","2024012501019203","8","38","299","456.20","136,403.80"
"670","2024012501019204","58","38","50","456.20","22,810.00"
"671","2024012501019205","25","38","10","456.10","4,561.00"
"672","2024012501019206","46","38","50","456.10","22,805.00"
"673","2024012501019207","1","38","271","456.10","123,603.10"
"674","2024012501019234","49","34","10","456.40","4,564.00"
"675","2024012501019235","49","62","10","456.60","4,566.00"
"676","2024012501019236","49","36","10","457.00","4,570.00"
"677","2024012501019237","49","4","10","457.00","4,570.00"
"678","2024012501019238","49","36","10","457.00","4,570.00"
"679","2024012501019261","1","7","10","456.10","4,561.00"
"680","2024012501019306","1","44","100","456.10","45,610.00"
"681","2024012501019374","1","34","10","456.10","4,561.00"
"682","2024012501019410","1","17","10","456.10","4,561.00"
"683","2024012501019456","1","57","10","456.10","4,561.00"
"684","2024012501019468","1","34","89","456.10","40,592.90"
"685","2024012501019469","5","34","11","456.10","5,017.10"
"686","2024012501019483","36","57","10","456.90","4,569.00"
"687","2024012501019484","36","28","10","457.00","4,570.00"
"688","2024012501019485","36","54","10","457.00","4,570.00"
"689","2024012501019486","36","58","10","457.00","4,570.00"
"690","2024012501019487","36","42","10","457.00","4,570.00"
"691","2024012501019488","36","52","10","457.00","4,570.00"
"692","2024012501019492","5","58","10","456.10","4,561.00"
"693","2024012501019547","5","46","10","456.10","4,561.00"
"694","2024012501019687","46","58","10","456.20","4,562.00"
"695","2024012501019744","36","14","10","457.00","4,570.00"
"696","2024012501019812","5","56","10","456.10","4,561.00"
"697","2024012501019815","5","35","10","456.10","4,561.00"
"698","2024012501019825","5","58","10","456.10","4,561.00"
"699","2024012501019827","5","57","10","456.10","4,561.00"
"700","2024012501019828","5","13","10","456.10","4,561.00"
"701","2024012501019861","5","58","10","456.10","4,561.00"
"702","2024012501019877","47","26","10","456.00","4,560.00"
"703","2024012501019946","47","50","40","456.00","18,240.00"
"704","2024012501019947","46","50","30","456.00","13,680.00"
"705","2024012501019948","21","50","803","456.00","366,168.00"
"706","2024012501019961","21","58","10","456.00","4,560.00"
"707","2024012501020001","21","58","10","456.00","4,560.00"
"708","2024012501020022","21","56","10","456.00","4,560.00"
"709","2024012501020030","21","42","10","456.00","4,560.00"
"710","2024012501020075","34","58","10","456.10","4,561.00"
"711","2024012501020080","34","49","10","456.10","4,561.00"
"712","2024012501020081","34","58","10","456.10","4,561.00"
"713","2024012501020082","34","57","10","456.10","4,561.00"
"714","2024012501020138","34","19","10","456.10","4,561.00"
"715","2024012501020143","34","45","10","456.10","4,561.00"
"716","2024012501020207","34","40","10","456.10","4,561.00"
"717","2024012501020249","34","42","10","456.10","4,561.00"
"718","2024012501020255","34","52","10","456.10","4,561.00"
"719","2024012501020265","34","34","10","456.10","4,561.00"
"720","2024012501020270","21","44","10","456.00","4,560.00"
"721","2024012501020281","21","49","10","456.00","4,560.00"
"722","2024012501020285","21","56","10","456.00","4,560.00"
"723","2024012501020308","21","58","10","456.00","4,560.00"
"724","2024012501020313","21","45","10","456.00","4,560.00"
"725","2024012501020393","21","32","10","456.00","4,560.00"
"726","2024012501020506","21","47","10","456.00","4,560.00"
"727","2024012501020538","21","46","10","456.00","4,560.00"
"728","2024012501020554","21","17","20","456.00","9,120.00"
"729","2024012501020574","21","22","10","456.00","4,560.00"
"730","2024012501020583","17","38","10","456.10","4,561.00"
"731","2024012501020584","17","40","10","456.10","4,561.00"
"732","2024012501020641","17","56","10","456.10","4,561.00"
"733","2024012501020666","17","47","10","456.10","4,561.00"
"734","2024012501020678","17","49","10","456.10","4,561.00"
"735","2024012501020710","17","54","10","456.10","4,561.00"
"736","2024012501020712","17","49","10","456.10","4,561.00"
"737","2024012501020719","17","42","30","456.10","13,683.00"
"738","2024012501020720","21","42","20","456.00","9,120.00"
"739","2024012501020723","21","26","10","456.00","4,560.00"
"740","2024012501020750","21","35","10","456.00","4,560.00"
"741","2024012501020824","58","39","10","456.00","4,560.00"
"742","2024012501020825","34","39","100","456.00","45,600.00"
"743","2024012501020826","29","39","300","456.00","136,800.00"
"744","2024012501020827","41","39","50","455.10","22,755.00"
"745","2024012501020828","41","39","100","455.00","45,500.00"
"746","2024012501020829","45","39","10","455.00","4,550.00"
"747","2024012501020830","49","39","20","455.00","9,100.00"
"748","2024012501020831","42","39","50","455.00","22,750.00"
"749","2024012501020832","58","39","20","455.00","9,100.00"
"750","2024012501020833","42","39","200","455.00","91,000.00"
"751","2024012501020834","34","39","30","455.00","13,650.00"
"752","2024012501020858","21","35","10","455.00","4,550.00"
"753","2024012501020884","7","45","10","452.00","4,520.00"
"754","2024012501020896","42","58","10","452.00","4,520.00"
"755","2024012501020903","42","38","10","452.00","4,520.00"
"756","2024012501020937","42","25","10","452.00","4,520.00"
"757","2024012501020951","42","38","10","452.00","4,520.00"
"758","2024012501020991","42","38","10","452.00","4,520.00"
"759","2024012501020992","4","34","10","452.00","4,520.00"
"760","2024012501021013","4","36","10","452.00","4,520.00"
"761","2024012501021014","4","56","10","452.00","4,520.00"
"762","2024012501021035","4","55","10","452.00","4,520.00"
"763","2024012501021036","4","41","10","452.00","4,520.00"
"764","2024012501021045","58","41","10","452.00","4,520.00"
"765","2024012501021048","58","21","10","452.00","4,520.00"
"766","2024012501021068","58","43","42","452.00","18,984.00"
"767","2024012501021069","48","43","100","451.80","45,180.00"
"768","2024012501021070","38","43","200","451.70","90,340.00"
"769","2024012501021071","42","43","158","451.60","71,352.80"
"770","2024012501021098","58","35","10","452.00","4,520.00"
"771","2024012501021115","58","49","10","452.10","4,521.00"
"772","2024012501021168","58","58","10","452.10","4,521.00"
"773","2024012501021187","58","56","10","452.10","4,521.00"
"774","2024012501021191","58","17","10","452.10","4,521.00"
"775","2024012501021192","58","58","50","452.10","22,605.00"
"776","2024012501021253","45","35","10","452.20","4,522.00"
"777","2024012501021260","45","21","10","452.20","4,522.00"
"778","2024012501021299","45","34","10","452.20","4,522.00"
"779","2024012501021308","45","54","10","452.20","4,522.00"
"780","2024012501021314","45","42","10","452.20","4,522.00"
"781","2024012501021356","45","35","10","452.20","4,522.00"
"782","2024012501021369","45","45","10","452.20","4,522.00"
"783","2024012501021395","45","41","10","452.20","4,522.00"
"784","2024012501021461","45","40","10","452.20","4,522.00"
"785","2024012501021477","45","49","10","452.20","4,522.00"
"786","2024012501021506","21","36","10","452.50","4,525.00"
"787","2024012501021508","34","58","10","451.90","4,519.00"
"788","2024012501021509","34","6","10","451.90","4,519.00"
"789","2024012501021654","34","35","10","451.90","4,519.00"
"790","2024012501021675","19","94","300","452.00","135,600.00"
"791","2024012501021680","19","38","10","452.00","4,520.00"
"792","2024012501021705","19","54","10","452.00","4,520.00"
"793","2024012501021735","19","59","10","452.00","4,520.00"
"794","2024012501021751","19","47","10","452.00","4,520.00"
"795","2024012501021769","19","58","10","452.00","4,520.00"
"796","2024012501021802","19","6","10","452.00","4,520.00"
"797","2024012501021828","19","33","10","452.00","4,520.00"
"798","2024012501021832","19","34","10","452.00","4,520.00"
"799","2024012501021849","19","7","10","452.00","4,520.00"
"800","2024012501021850","19","42","10","452.00","4,520.00"
"801","2024012501021891","19","26","10","452.00","4,520.00"
"802","2024012501021903","19","47","10","452.00","4,520.00"
"803","2024012501021905","19","17","10","452.00","4,520.00"
"804","2024012501021906","5","49","10","453.00","4,530.00"
"805","2024012501021907","5","45","10","453.00","4,530.00"
"806","2024012501021908","5","49","10","453.00","4,530.00"
"807","2024012501021975","33","35","10","453.00","4,530.00"
"808","2024012501022088","33","57","10","453.00","4,530.00"
"809","2024012501022142","59","47","11","454.00","4,994.00"
"810","2024012501022172","33","45","10","453.00","4,530.00"
"811","2024012501022173","33","58","10","453.00","4,530.00"
"812","2024012501022204","22","49","10","453.10","4,531.00"
"813","2024012501022232","22","34","290","453.10","131,399.00"
"814","2024012501022233","33","34","160","453.00","72,480.00"
"815","2024012501022261","19","58","10","452.00","4,520.00"
"816","2024012501022305","35","38","10","452.20","4,522.00"
"817","2024012501022307","35","57","10","452.20","4,522.00"
"818","2024012501022327","35","58","10","452.20","4,522.00"
"819","2024012501022338","35","58","30","452.20","13,566.00"
"820","2024012501022355","35","41","10","452.20","4,522.00"
"821","2024012501022363","35","49","10","452.20","4,522.00"
"822","2024012501022401","35","6","10","452.20","4,522.00"
"823","2024012501022404","35","52","10","452.20","4,522.00"
"824","2024012501022418","57","34","100","453.00","45,300.00"
"825","2024012501022450","35","13","10","452.20","4,522.00"
"826","2024012501022457","35","58","10","452.20","4,522.00"
"827","2024012501022460","19","8","10","452.00","4,520.00"
"828","2024012501022506","19","22","10","452.00","4,520.00"
"829","2024012501022510","19","26","40","452.00","18,080.00"
"830","2024012501022511","34","26","270","451.90","122,013.00"
"831","2024012501022512","42","26","342","451.60","154,447.20"
"832","2024012501022513","1","26","438","451.20","197,625.60"
"833","2024012501022554","1","26","10","451.20","4,512.00"
"834","2024012501022565","1","58","10","451.20","4,512.00"
"835","2024012501022577","1","49","10","451.20","4,512.00"
"836","2024012501022581","1","57","10","451.20","4,512.00"
"837","2024012501022586","1","7","10","451.20","4,512.00"
"838","2024012501022587","1","45","10","451.20","4,512.00"
"839","2024012501022596","1","45","170","451.20","76,704.00"
"840","2024012501022660","57","58","10","451.30","4,513.00"
"841","2024012501022685","57","58","10","451.30","4,513.00"
"842","2024012501022705","57","21","10","451.30","4,513.00"
"843","2024012501022706","57","35","10","451.30","4,513.00"
"844","2024012501022722","57","41","10","452.00","4,520.00"
"845","2024012501022736","57","49","10","452.00","4,520.00"
"846","2024012501022747","57","57","10","451.30","4,513.00"
"847","2024012501022802","57","21","10","451.40","4,514.00"
"848","2024012501022941","57","36","10","451.40","4,514.00"
"849","2024012501023040","57","36","10","451.40","4,514.00"
"850","2024012501023049","35","58","10","452.00","4,520.00"
"851","2024012501023066","57","6","10","451.40","4,514.00"
"852","2024012501023083","57","45","10","451.40","4,514.00"
"853","2024012501023123","48","35","10","451.40","4,514.00"
"854","2024012501023130","48","58","10","451.40","4,514.00"
"855","2024012501023145","48","49","10","451.40","4,514.00"
"856","2024012501023187","48","49","10","451.40","4,514.00"
"857","2024012501023212","48","54","10","451.40","4,514.00"
"858","2024012501023236","48","33","10","451.40","4,514.00"
"859","2024012501023264","46","43","10","452.00","4,520.00"
"860","2024012501023265","46","58","10","452.00","4,520.00"
"861","2024012501023267","41","42","10","451.50","4,515.00"
"862","2024012501023282","48","58","10","451.40","4,514.00"
"863","2024012501023291","45","50","10","451.50","4,515.00"
"864","2024012501023292","48","50","30","451.40","13,542.00"
"865","2024012501023293","50","50","10","451.40","4,514.00"
"866","2024012501023303","46","58","10","451.30","4,513.00"
"867","2024012501023307","46","21","10","451.30","4,513.00"
"868","2024012501023330","46","45","10","451.30","4,513.00"
"869","2024012501023375","22","50","80","451.40","36,112.00"
"870","2024012501023383","1","50","332","451.40","149,864.80"
"871","2024012501023397","8","50","38","451.40","17,153.20"
"872","2024012501023423","8","45","10","451.40","4,514.00"
"873","2024012501023439","8","34","10","451.40","4,514.00"
"874","2024012501023487","8","55","10","451.40","4,514.00"
"875","2024012501023502","8","56","10","451.40","4,514.00"
"876","2024012501023514","8","45","10","451.40","4,514.00"
"877","2024012501023517","8","42","10","451.40","4,514.00"
"878","2024012501023559","57","20","10","451.40","4,514.00"
"879","2024012501023577","46","14","10","451.30","4,513.00"
"880","2024012501023622","46","58","10","451.30","4,513.00"
"881","2024012501023664","57","55","10","451.40","4,514.00"
"882","2024012501023667","57","49","10","451.40","4,514.00"
"883","2024012501023678","33","22","10","451.30","4,513.00"
"884","2024012501023699","33","21","10","451.30","4,513.00"
"885","2024012501023719","33","46","10","451.30","4,513.00"
"886","2024012501023751","33","56","10","451.30","4,513.00"
"887","2024012501023759","33","43","10","451.30","4,513.00"
"888","2024012501023801","33","4","10","451.30","4,513.00"
"889","2024012501023821","33","45","10","451.30","4,513.00"
"890","2024012501023822","33","58","10","451.30","4,513.00"
"891","2024012501023847","33","52","10","451.30","4,513.00"
"892","2024012501023879","33","20","10","451.30","4,513.00"
"893","2024012501024062","35","42","40","451.40","18,056.00"
"894","2024012501024065","35","1","10","451.40","4,514.00"
"895","2024012501024099","35","58","10","451.40","4,514.00"
"896","2024012501024137","35","58","10","451.40","4,514.00"
"897","2024012501024182","35","58","10","451.40","4,514.00"
"898","2024012501024235","35","58","10","451.40","4,514.00"
"899","2024012501024273","35","58","10","451.40","4,514.00"
"900","2024012501024298","35","57","10","451.40","4,514.00"
"901","2024012501024299","58","52","10","451.50","4,515.00"
"902","2024012501024324","58","59","10","451.50","4,515.00"
"903","2024012501024336","58","38","10","452.00","4,520.00"
"904","2024012501024337","58","21","10","452.00","4,520.00"
"905","2024012501024338","58","58","10","452.00","4,520.00"
"906","2024012501024370","58","20","10","452.00","4,520.00"
"907","2024012501024390","58","45","10","452.00","4,520.00"
"908","2024012501024394","58","49","10","452.00","4,520.00"
"909","2024012501024460","58","57","10","452.00","4,520.00"
"910","2024012501024462","19","34","150","453.00","67,950.00"
"911","2024012501024515","58","38","10","452.00","4,520.00"
"912","2024012501024523","58","88","10","452.00","4,520.00"
"913","2024012501024531","58","58","10","452.00","4,520.00"
"914","2024012501024557","35","34","190","453.00","86,070.00"
"915","2024012501024558","35","7","10","453.00","4,530.00"
"916","2024012501024559","35","38","10","453.00","4,530.00"
"917","2024012501024560","35","42","10","453.00","4,530.00"
"918","2024012501024567","35","21","10","453.00","4,530.00"
"919","2024012501024569","35","49","10","453.00","4,530.00"
"920","2024012501024582","35","34","10","453.00","4,530.00"
"921","2024012501024583","35","20","10","453.00","4,530.00"
"922","2024012501024599","35","56","10","453.00","4,530.00"
"923","2024012501024647","35","57","10","453.00","4,530.00"
"924","2024012501024686","35","38","10","453.00","4,530.00"
"925","2024012501024712","35","29","10","453.00","4,530.00"
"926","2024012501024723","35","57","10","453.00","4,530.00"
"927","2024012501024728","35","58","10","453.00","4,530.00"
"928","2024012501024738","35","20","10","453.00","4,530.00"
"929","2024012501024739","35","52","10","453.00","4,530.00"
"930","2024012501024751","35","57","10","453.00","4,530.00"
"931","2024012501024772","35","59","10","453.00","4,530.00"
"932","2024012501024774","35","51","10","453.00","4,530.00"
"933","2024012501024896","35","11","10","453.00","4,530.00"
"934","2024012501024915","35","59","10","453.00","4,530.00"
"935","2024012501024982","35","56","10","453.00","4,530.00"
"936","2024012501025064","35","58","10","453.00","4,530.00"
"937","2024012501025069","16","47","34","454.00","15,436.00"
"938","2024012501025091","35","6","10","453.00","4,530.00"
"939","2024012501025118","35","38","10","453.00","4,530.00"
"940","2024012501025175","35","49","10","453.00","4,530.00"
"941","2024012501025184","35","59","10","453.00","4,530.00"
"942","2024012501025202","35","38","10","453.00","4,530.00"
"943","2024012501025213","53","42","10","454.00","4,540.00"
"944","2024012501025214","53","6","10","454.00","4,540.00"
"945","2024012501025220","53","54","20","454.00","9,080.00"
"946","2024012501025221","42","22","10","454.00","4,540.00"
"947","2024012501025234","35","48","10","453.00","4,530.00"
"948","2024012501025296","47","11","10","454.00","4,540.00"
"949","2024012501025315","47","38","10","454.00","4,540.00"
"950","2024012501025318","47","44","10","454.00","4,540.00"
"951","2024012501025383","47","52","10","454.00","4,540.00"
"952","2024012501025384","47","58","10","454.00","4,540.00"
"953","2024012501025391","47","6","10","454.00","4,540.00"
"954","2024012501025404","47","49","10","454.00","4,540.00"
"955","2024012501025421","47","42","10","454.00","4,540.00"
"956","2024012501025427","47","7","10","454.00","4,540.00"
"957","2024012501025433","29","58","10","454.90","4,549.00"
"958","2024012501025434","29","36","10","455.00","4,550.00"
"959","2024012501025435","29","57","10","455.00","4,550.00"
"960","2024012501025436","29","35","10","455.00","4,550.00"
"961","2024012501025437","29","29","10","455.00","4,550.00"
"962","2024012501025438","29","42","10","455.00","4,550.00"
"963","2024012501025439","29","35","10","455.00","4,550.00"
"964","2024012501025440","29","21","10","455.00","4,550.00"
"965","2024012501025441","29","38","10","455.00","4,550.00"
"966","2024012501025442","29","57","10","455.00","4,550.00"
"967","2024012501025443","29","58","10","455.00","4,550.00"
"968","2024012501025444","29","45","10","455.00","4,550.00"
"969","2024012501025445","29","49","10","455.00","4,550.00"
"970","2024012501025446","29","45","10","455.00","4,550.00"
"971","2024012501025490","47","25","10","454.00","4,540.00"
"972","2024012501025532","58","58","10","453.10","4,531.00"
"973","2024012501025562","58","14","10","453.10","4,531.00"
"974","2024012501025606","58","58","10","453.10","4,531.00"
"975","2024012501025634","58","38","10","453.10","4,531.00"
"976","2024012501025653","58","58","10","453.10","4,531.00"
"977","2024012501025666","58","49","10","453.10","4,531.00"
"978","2024012501025694","58","42","10","453.10","4,531.00"
"979","2024012501025701","58","38","10","453.10","4,531.00"
"980","2024012501025726","33","48","10","453.10","4,531.00"
"981","2024012501025768","33","58","10","453.10","4,531.00"
"982","2024012501025801","33","58","10","453.10","4,531.00"
"983","2024012501025830","33","34","10","453.10","4,531.00"
"984","2024012501025834","33","34","10","453.10","4,531.00"
"985","2024012501025838","33","58","10","453.10","4,531.00"
"986","2024012501025894","33","4","10","453.10","4,531.00"
"987","2024012501025921","6","57","10","454.00","4,540.00"
"988","2024012501025922","6","32","10","454.00","4,540.00"
"989","2024012501025923","6","35","10","454.00","4,540.00"
"990","2024012501025924","6","38","10","454.00","4,540.00"
"991","2024012501025960","53","32","10","453.20","4,532.00"
"992","2024012501025997","53","29","10","453.20","4,532.00"
"993","2024012501026023","53","42","10","453.20","4,532.00"
"994","2024012501026066","6","49","10","454.00","4,540.00"
"995","2024012501026084","54","44","10","453.50","4,535.00"
"996","2024012501026099","54","48","10","453.50","4,535.00"
"997","2024012501026110","54","58","10","453.50","4,535.00"
"998","2024012501026124","54","42","10","453.50","4,535.00"
"999","2024012501026131","54","55","10","453.50","4,535.00"
"1000","2024012501026144","54","38","10","453.50","4,535.00"